"dteday","season","yr","mnth","holiday","weekday","workingday","total","temp","hum","windspeed"
"2011-01-01","1",0,"1",0,"6",0,985,-0.826098354898046,1.24931828574318,-0.387628645860541
"2011-01-02","1",0,"1",0,"0",0,801,-0.720599913249658,0.478784850077848,0.749090363392487
"2011-01-03","1",0,"1",0,"1",1,1349,-1.63354020584263,-1.33835957925193,0.746122029701535
"2011-01-04","1",0,"1",0,"2",1,1562,-1.61367490146265,-0.263003033183988,-0.389566520640596
"2011-01-05","1",0,"1",0,"3",1,1600,-1.46641253638497,-1.34057967018575,-0.0462751591211615
"2011-01-06","1",0,"1",0,"4",1,1606,-1.58992290709528,-0.769738788827877,-1.30224242670338
"2011-01-07","1",0,"1",0,"5",1,1510,-1.63267649695654,-0.907106915357846,-0.280783721165815
"2011-01-08","1",0,"1",0,"6",0,959,-1.80487845611995,-0.646361860370404,0.984774740894761
"2011-01-09","1",0,"1",0,"0",0,822,-1.95055735490647,-1.36016734748725,2.21249672383597
"2011-01-10","1",0,"1",0,"1",1,1321,-1.88227037110029,-1.01789176555007,0.422985075917633
"2011-01-11","1",0,"1",0,"2",1,1263,-1.78252998869247,0.410517053862954,-0.882016650130384
"2011-01-12","1",0,"1",0,"3",1,1162,-1.76266468431249,-0.199036663153366,1.47282825986535
"2011-01-13","1",0,"1",0,"4",1,1406,-1.80487845611995,-1.10565473527755,1.42602345182091
"2011-01-14","1",0,"1",0,"5",1,1421,-1.82744285076895,-0.632370662297907,-0.825034333700547
"2011-01-15","1",0,"1",0,"6",0,1248,-1.4315762779795,-0.906725337228596,-0.419672539087297
"2011-01-16","1",0,"1",0,"0",0,1204,-1.44068120915366,-1.01204090090157,-0.0264896680012857
"2011-01-17","1",0,"1",1,"1",0,1000,-1.74569640348793,-0.634660131073406,0.0455553268373927
"2011-01-18","1",0,"1",0,"2",1,683,-1.52262558972108,1.64132621719259,-0.564031353372261
"2011-01-19","1",0,"1",0,"3",1,1650,-1.11013262087447,0.799310478647778,0.230085887919978
"2011-01-20","1",0,"1",0,"4",1,1927,-1.27679244801883,-0.628809266424908,0.0699108362865878
"2011-01-21","1",0,"1",0,"5",1,1543,-1.73659147231377,-1.19926856965353,2.10012803785624
"2011-01-22","1",0,"1",0,"6",0,981,-2.38323951896533,-1.60005279807569,-0.238931236169329
"2011-01-23","1",0,"1",0,"0",0,986,-2.17897236740598,-1.34363229521975,0.724068636437483
"2011-01-24","1",0,"1",0,"1",1,1416,-2.1742219685325,-0.955948915901836,-0.414924862756429
"2011-01-25","1",0,"1",0,"2",1,1985,-1.48541413187887,-0.0767929061100295,-0.783125746177257
"2011-01-26","1",0,"1",0,"3",1,506,-1.518073124134,1.64717708184109,1.33376284649018
"2011-01-27","1",0,"1",0,"4",1,431,-1.64098969498512,0.418495505656361,-0.989043057998942
"2011-01-28","1",0,"1",0,"5",1,1167,-1.59467330596876,1.1595202326597,-0.866942921223838
"2011-01-29","1",0,"1",0,"6",0,1098,-1.63267649695654,0.167417096609917,-0.582222597688763
"2011-01-30","1",0,"1",0,"0",0,1096,-1.52341732286665,0.661942352117807,-1.50331388277228
"2011-01-31","1",0,"1",0,"1",1,1501,-1.71838160996546,-0.169516391517759,-0.0425116146146634
"2011-02-01","1",0,"2",0,"2",1,1360,-1.65642849132391,1.41594073551564,-1.77131565331949
"2011-02-02","1",0,"2",0,"3",1,1526,-1.28589737919299,1.03576172607298,0.952569552903441
"2011-02-03","1",0,"2",0,"4",1,1550,-1.68493088456475,-1.33447442011775,1.12604324099489
"2011-02-04","1",0,"2",0,"5",1,1708,-1.55191971610749,-0.29963453359198,-0.80837188323948
"2011-02-05","1",0,"2",0,"6",0,1005,-1.4315762779795,2.11524625372099,-0.379456377789289
"2011-02-06","1",0,"2",0,"0",0,1623,-1.14477094599355,-0.418178139078954,-0.628226669668815
"2011-02-07","1",0,"2",0,"1",1,1712,-1.22216286097389,0.775398249214783,-1.87202436414492
"2011-02-08","1",0,"2",0,"2",1,1530,-1.49986326178568,-0.631734698749157,2.21249672383597
"2011-02-09","1",0,"2",0,"3",1,1605,-1.96995481697315,-0.93458054066384,-0.0212534321661579
"2011-02-10","1",0,"2",0,"4",1,1538,-1.91770042936494,-1.33752704515175,0.405799001873053
"2011-02-11","1",0,"2",0,"5",1,1746,-1.67327081460259,-0.853269710212767,-1.0572707434096
"2011-02-12","1",0,"2",0,"6",0,1472,-1.49075833061153,-0.587853213885417,0.166203810731418
"2011-02-13","1",0,"2",0,"0",0,1589,-0.977121452417219,-1.19710629358778,0.908365436991715
"2011-02-14","1",0,"2",0,"1",1,1913,-0.439138779996362,-1.76972787288216,2.9345596198684
"2011-02-15","1",0,"2",0,"2",1,1815,-1.25264458707867,-2.20141992977356,1.30181245747477
"2011-02-16","1",0,"2",0,"3",1,2115,-0.967620654670272,-1.43521104623973,0.791055053442583
"2011-02-17","1",0,"2",0,"4",1,2475,-0.325327140319397,-0.862843852364856,0.511213312134253
"2011-02-18","1",0,"2",0,"5",1,2927,0.143576815149702,-0.780931747285874,0.960526761288608
"2011-02-19","1",0,"2",0,"6",0,1635,-0.525635626150856,-3.08909785111861,4.09012907812788
"2011-02-20","1",0,"2",0,"0",0,1812,-1.14813581186226,-1.54510554746371,0.42257365738773
"2011-02-21","1",0,"2",1,"1",0,1107,-1.0491691686649,-0.160740094545011,1.51435921788057
"2011-02-22","1",0,"2",0,"2",1,1450,-1.71079416732033,-0.351868339729302,0.0670612954459534
"2011-02-23","1",0,"2",0,"3",1,1917,-1.49491492962581,-1.43826367127373,-1.24355918366541
"2011-02-24","1",0,"2",0,"4",1,1807,-1.09113102538058,0.487942725179846,0.77433650045471
"2011-02-25","1",0,"2",0,"5",1,1461,-0.715849514376185,0.591731976335823,2.01364131757586
"2011-02-26","1",0,"2",0,"6",0,1969,-1.16298080834186,-0.631734698749157,-0.0505225879213523
"2011-02-27","1",0,"2",0,"0",0,2402,-0.829859087339545,0.365837723819873,-0.841808989215225
"2011-02-28","1",0,"2",0,"1",1,1446,-0.481352551803819,1.74451419372066,1.28003702672988
"2011-03-01","1",0,"3",0,"2",1,1851,-1.24947765449636,-0.652212725018903,0.334703074779492
"2011-03-02","1",0,"3",0,"3",1,2134,-0.876175476355911,-1.25192635149002,1.514197923116
"2011-03-03","1",0,"3",0,"4",1,1685,-1.62277983263681,-2.17343753362857,0.45508273406591
"2011-03-04","1",0,"3",0,"5",1,1944,-1.27679244801883,-0.122709474329769,0.165934986123811
"2011-03-05","1",0,"3",0,"6",0,2077,-0.607580006718272,1.1323009927732,0.792081262162056
"2011-03-06","1",0,"3",0,"0",0,605,-0.649343930147558,2.24930736979746,1.97167662752576
"2011-03-07","1",0,"3",0,"1",1,1872,-1.27639658144604,-0.537739286243928,1.94671100309756
"2011-03-08","1",0,"3",0,"2",1,2133,-1.10835122129692,-1.45378118186323,-0.90113741131145
"2011-03-09","1",0,"3",0,"3",1,1891,-1.09014135894861,1.03576172607298,0.382768914619625
"2011-03-10","1",0,"3",0,"4",1,623,-0.580679073703716,-4.40846782935507,0.921200165055772
"2011-03-11","1",0,"3",0,"5",1,1977,-0.977121452417219,0.15215397143992,0.548187214903993
"2011-03-12","1",0,"3",0,"6",0,2132,-0.90804273546546,-0.233875902651245,0.390833652847835
"2011-03-13","1",0,"3",0,"0",0,2417,-0.606590340286298,-0.705633663113891,1.03381068692756
"2011-03-14","1",0,"3",0,"1",1,2046,-0.929617463682486,-0.919317415493844,-0.691117602217153
"2011-03-15","1",0,"3",0,"2",1,2056,-0.972371053543746,0.194890721915911,-0.0797122650969063
"2011-03-16","1",0,"3",0,"3",1,2192,-0.711099115502712,1.04352048136772,0.162987265861268
"2011-03-17","1",0,"3",0,"4",1,2744,-0.439138779996362,-0.175367256166258,0.246367308719828
"2011-03-18","1",0,"3",0,"5",1,3239,0.243731058065432,-0.720896788283887,0.522997180368575
"2011-03-19","1",0,"3",0,"6",0,3117,-0.125018654487937,-1.74632441428816,2.2927139867459
"2011-03-20","1",0,"3",0,"0",0,2471,-0.889832873117146,-1.08225127668356,0.222388153721283
"2011-03-21","2",0,"3",0,"1",1,2077,-0.354819199992211,0.768784228307784,1.26837535149902
"2011-03-22","2",0,"3",0,"2",1,2703,-0.293459881209846,-0.0232447753052913,0.455028969144389
"2011-03-23","2",0,"3",0,"3",1,2121,-0.810857491845652,1.48615111129763,0.564849665365061
"2011-03-24","2",0,"3",0,"4",1,1865,-1.14932341158063,1.24931828574318,0.687777314410537
"2011-03-25","2",0,"3",0,"5",1,2210,-1.26313505125759,-0.933054228146841,0.519224285440943
"2011-03-26","2",0,"3",0,"6",0,2496,-1.25403012008344,-1.64100885061518,0.246259778876786
"2011-03-27","2",0,"3",0,"0",0,1693,-1.32390057018077,-0.940685790731839,-0.0798244701505162
"2011-03-28","2",0,"3",0,"1",1,2028,-1.26214538482562,-2.28689343072554,0.280241546883595
"2011-03-29","2",0,"3",0,"2",1,2425,-1.05372163425198,-2.20269185687106,0.471104680679288
"2011-03-30","2",0,"3",0,"3",1,1536,-1.06737903101321,0.131803137879924,-0.227086590197636
"2011-03-31","2",0,"3",0,"4",1,1685,-1.2403727233222,2.0391850132905,0.350456196785262
"2011-04-01","2",0,"4",0,"5",1,2227,-1.06737903101321,0.409719208683613,0.880309498378677
"2011-04-02","2",0,"4",0,"6",0,2252,-0.985434650445797,0.181535487392163,0.0859327828999655
"2011-04-03","2",0,"4",0,"0",0,3249,-0.639447265827822,-1.03836979181982,-0.106760695832739
"2011-04-04","2",0,"4",0,"1",1,3115,0.425829681548577,-1.41575056164798,2.5172900639408
"2011-04-05","2",0,"4",0,"2",1,1795,-0.443691245583441,0.0996233823131816,2.54949525193212
"2011-04-06","2",0,"4",0,"3",1,2808,-0.571160282021643,-1.1027293029533,0.936493841368542
"2011-04-07","2",0,"4",0,"4",1,3141,-0.31622220914524,-0.175367256166258,-0.363541961018953
"2011-04-08","2",0,"4",0,"5",1,1471,-0.871623010768832,1.46287484541338,0.471050915757766
"2011-04-09","2",0,"4",0,"6",0,2455,-0.835203286072203,1.75249264551407,-0.740702885491587
"2011-04-10","2",0,"4",0,"0",0,2895,-0.375404261777262,1.6120718939501,-0.564138883215304
"2011-04-11","2",0,"4",0,"1",1,3348,0.547756585967726,0.625310851709815,1.72892099404078
"2011-04-12","2",0,"4",0,"2",1,2034,0.0388701066468935,0.781249113863281,1.08897115880324
"2011-04-13","2",0,"4",0,"3",1,2162,-0.452796176757598,1.34293212011916,0.775898020784115
"2011-04-14","2",0,"4",0,"4",1,3267,-0.152333448010409,-0.614182104803661,-1.02952804390456
"2011-04-15","2",0,"4",1,"5",0,3126,-0.266145087687374,0.304403645010637,0.463093707372599
"2011-04-16","2",0,"4",0,"6",0,795,-0.352641933841869,1.82855388594455,1.93969351203638
"2011-04-17","2",0,"4",0,"0",0,3744,-0.211515500642431,-1.04129522414407,1.45822863981222
"2011-04-18","2",0,"4",0,"1",1,3429,0.0934996936918371,-0.599554943182414,-0.347358719641012
"2011-04-19","2",0,"4",0,"2",1,3204,0.0570799689952081,0.266373024795395,-0.419565009244254
"2011-04-20","2",0,"4",0,"3",1,3944,0.544193786812621,-0.0963805834115255,0.663744394490471
"2011-04-21","2",0,"4",0,"4",1,4189,-0.197858103881195,-1.55032044856345,1.73904282491851
"2011-04-22","2",0,"4",0,"5",1,1683,-0.867070545181753,0.713964170405546,0.374650411469893
"2011-04-23","2",0,"4",0,"6",0,4036,-0.193305638294117,1.8256284536203,0.519224285440942
"2011-04-24","2",0,"4",0,"0",0,4191,0.471354337419363,1.28442347363417,0.0217912315249331
"2011-04-25","2",0,"4",0,"1",1,4073,0.607928305031722,1.04453802304572,-0.0664907696132085
"2011-04-26","2",0,"4",0,"2",1,4400,0.744502272644081,0.711038738081297,1.75506477153188
"2011-04-27","2",0,"4",0,"3",1,3872,0.68076775442498,1.45702398076488,1.57054356087043
"2011-04-28","2",0,"4",0,"4",1,4058,0.667110357663744,0.512109340032341,1.68291224685016
"2011-04-29","2",0,"4",0,"5",1,4595,0.0798422969306013,-1.19926856965353,0.639711474570404
"2011-04-30","2",0,"4",0,"6",0,5312,-0.125018654487937,-0.874545581661853,0.575354863509286
"2011-05-01","2",0,"5",0,"0",0,3351,-0.238830294164903,0.942147891696996,-1.08560485705138
"2011-05-02","2",0,"5",0,"1",1,4401,0.293808179523297,0.716889602729795,-0.0907387492193608
"2011-05-03","2",0,"5",0,"2",1,4451,0.662557892076665,0.485780449114096,1.96367266703492
"2011-05-04","2",0,"5",0,"3",1,2633,-0.443691245583441,0.766621952242035,1.7872699595232
"2011-05-05","2",0,"5",0,"4",1,4433,-0.197858103881195,-1.28995697170526,1.3536558674531
"2011-05-06","2",0,"5",0,"5",1,4608,-0.0885989297913082,-0.266055658217988,0.487234157135708
"2011-05-07","2",0,"5",0,"6",0,4714,0.134471883975545,-0.608331240155162,-0.38757488093902
"2011-05-08","2",0,"5",0,"0",0,4333,0.179996539846331,0.0264875742069477,-1.49486343967229
"2011-05-09","2",0,"5",0,"1",1,4362,0.202758867781724,-0.274831955190736,-0.186924193821149
"2011-05-10","2",0,"5",0,"2",1,4803,0.202758867781724,-0.974010280686332,-0.965386492529525
"2011-05-11","2",0,"5",0,"3",1,4182,0.257388454826668,0.0352638711796957,-0.901244941154493
"2011-05-12","2",0,"5",0,"4",1,4864,0.21641626454296,0.839757760348268,-0.0105752512309507
"2011-05-13","2",0,"5",0,"5",1,4105,0.093499693691837,1.65302794648959,-0.138858353981015
"2011-05-14","2",0,"5",0,"6",0,3409,0.139024349562623,2.068439336533,-0.716616200649999
"2011-05-15","2",0,"5",0,"0",0,4553,0.366647628916555,1.67935683740783,-0.483975385226894
"2011-05-16","2",0,"5",0,"1",1,3958,0.44859200948397,1.12352469580046,-0.820866383479997
"2011-05-17","2",0,"5",0,"2",1,4123,0.362095163329476,1.47457657471038,1.12090752218695
"2011-05-18","2",0,"5",0,"3",1,3855,0.298360645110375,1.69983486367758,0.142009596046787
"2011-05-19","2",0,"5",0,"4",1,4575,0.193653936607567,1.41606792822539,-1.06162570205283
"2011-05-20","2",0,"5",0,"5",1,4917,0.225521195717117,0.643753794623562,-0.844845538478542
"2011-05-21","2",0,"5",0,"6",0,5805,0.585165977096329,-0.00861761368404457,-0.90113741131145
"2011-05-22","2",0,"5",0,"0",0,4660,0.594270908270486,0.854384921969515,-0.548116936601926
"2011-05-23","2",0,"5",0,"1",1,4274,0.744502272644081,1.27857260898567,0.559440446738951
"2011-05-24","2",0,"5",0,"2",1,4492,0.899286102604754,0.792950843160278,0.214269650571552
"2011-05-25","2",0,"5",0,"3",1,4978,0.903838568191833,0.479929584465598,-0.467792143848952
"2011-05-26","2",0,"5",0,"4",1,4677,1.16332910665531,0.348285129874377,0.118137970891285
"2011-05-27","2",0,"5",0,"5",1,4679,1.0176502078688,0.181535487392163,0.647668682955572
"2011-05-28","2",0,"5",0,"6",0,4758,0.876523774669361,0.713964170405546,0.511052017369689
"2011-05-29","2",0,"5",0,"0",0,4788,0.940258292888462,1.34000668779491,0.302605416631215
"2011-05-30","2",0,"5",1,"1",0,4098,1.29990307426767,0.400942911710865,-0.764682040490132
"2011-05-31","2",0,"5",0,"2",1,3982,1.5275263536216,0.06159276209794,-1.02140954075483
"2011-06-01","2",0,"6",0,"3",1,3974,1.46834430098958,0.345359697550127,0.214269650571551
"2011-06-02","2",0,"6",0,"4",1,4968,1.19974883135194,-2.26705136800455,1.31360100091965
"2011-06-03","2",0,"6",0,"5",1,5312,0.68076775442498,-1.92185035374312,0.808210738618477
"2011-06-04","2",0,"6",0,"6",0,5342,0.762712134992395,-1.20511943430203,-0.868985988241652
"2011-06-05","2",0,"6",0,"0",0,4906,0.835551584385653,0.172759190419415,-0.66833530112378
"2011-06-06","2",0,"6",0,"1",1,4548,0.999440345520484,-0.195845282436003,-0.885061699776551
"2011-06-07","2",0,"6",0,"2",1,4833,1.15877664106824,-0.21047244405725,-0.0345544062294959
"2011-06-08","2",0,"6",0,"3",1,4401,1.53207881920868,-0.0407973692507876,-0.692529515808411
"2011-06-09","2",0,"6",0,"4",1,3915,1.70962497710475,-0.418178139078954,-0.523922721917295
"2011-06-10","2",0,"6",0,"5",1,4586,1.41826717953172,-0.160740094545011,-0.644302381203714
"2011-06-11","2",0,"6",0,"6",0,4966,1.25437841839689,0.187386352040662,-0.459834935463784
"2011-06-12","2",0,"6",0,"0",0,4460,1.07683226050082,0.842683192672518,-0.347358719641012
"2011-06-13","2",0,"6",0,"1",1,5020,0.762712134992395,-0.93597966047109,1.48215402988925
"2011-06-14","2",0,"6",0,"2",1,4891,0.594270908270486,-0.84821669074361,1.01676486919999
"2011-06-15","2",0,"6",0,"3",1,5180,0.717187479121609,-1.0968784383048,-0.29128190649419
"2011-06-16","2",0,"6",0,"4",1,3767,0.726292410295766,0.42434637030486,0.206258677264863
"2011-06-17","2",0,"6",0,"5",1,4844,0.840104049972732,0.757845655269286,-0.612366017820001
"2011-06-18","2",0,"6",0,"6",0,5119,1.09959458843621,0.298552780362138,-0.917159357924828
"2011-06-19","2",0,"6",0,"0",0,4744,1.11325198519745,0.272223889443894,-1.14178920004124
"2011-06-20","2",0,"6",0,"1",1,4010,0.762712134992395,0.83098146337552,-0.451770197235574
"2011-06-21","3",0,"6",0,"2",1,4835,1.01309774228172,1.00065653818198,-0.251119510117702
"2011-06-22","3",0,"6",0,"3",1,4507,1.29990307426767,0.55891625722033,-0.235151328425846
"2011-06-23","3",0,"6",0,"4",1,4790,1.2725882807452,0.529661933977837,0.623474468270941
"2011-06-24","3",0,"6",0,"5",1,4991,1.24982595280981,-0.383072951187962,0.406963129304256
"2011-06-25","3",0,"6",0,"6",0,5202,1.09048965726206,-1.01496633322582,0.246259778876786
"2011-06-26","3",0,"6",0,"0",0,5305,1.00854527669464,-0.804335205879869,-1.2381359394076
"2011-06-27","3",0,"6",0,"1",1,4708,1.02220267345588,0.213715242958906,-1.06969044028104
"2011-06-28","3",0,"6",0,"2",1,4648,1.3590851268997,0.0440401681524438,-0.596182776442059
"2011-06-29","3",0,"6",0,"3",1,5225,1.2725882807452,-0.912576201877095,0.920471894755164
"2011-06-30","3",0,"6",0,"4",1,5515,1.09959458843621,-1.36016734748725,-0.0667595942208156
"2011-07-01","3",0,"7",0,"5",1,5362,1.24072102163565,-1.62638168899394,-1.13393952149912
"2011-07-02","3",0,"7",0,"6",0,5119,1.32721786779014,-1.28703153938101,-0.97323617107165
"2011-07-03","3",0,"7",0,"0",0,4649,1.2088537625261,0.383390317765369,0.495137600599354
"2011-07-04","3",0,"7",1,"1",0,6043,1.26348334957104,0.070369059070688,-1.40658143853415
"2011-07-05","3",0,"7",0,"2",1,4665,1.37274252366093,-0.263130225893738,-0.828769826943643
"2011-07-06","3",0,"7",0,"3",1,4629,1.22706362487442,0.810503437105775,-0.523922721917295
"2011-07-07","3",0,"7",0,"4",1,4592,1.39095238600925,0.163982893446667,-0.403704357395441
"2011-07-08","3",0,"7",0,"5",1,4040,1.16788157224239,0.912893568454502,0.4470179958377
"2011-07-09","3",0,"7",0,"6",0,5336,1.29990307426767,-0.131485771302518,-0.291281906494189
"2011-07-10","3",0,"7",0,"0",0,4881,1.37729498924801,-0.34796776329697,-0.0905236895332753
"2011-07-11","3",0,"7",0,"1",1,4086,1.45923936981543,0.0557418974494414,1.18521036832655
"2011-07-12","3",0,"7",0,"2",1,4258,1.63223306212441,-0.48253765021244,0.126041414354931
"2011-07-13","3",0,"7",0,"3",1,4342,1.37274252366093,0.0264875742069478,-0.572311151286557
"2011-07-14","3",0,"7",0,"4",1,5084,1.01309774228172,-1.06469868273806,0.647507388191007
"2011-07-15","3",0,"7",0,"5",1,5538,0.917495964953069,-0.25727936124524,-0.0987497225260497
"2011-07-16","3",0,"7",0,"6",0,5923,1.04496500139127,-0.30116084610898,0.230399127027972
"2011-07-17","3",0,"7",0,"0",0,5302,1.22251115928734,-0.16659095919351,0.703853025945437
"2011-07-18","3",0,"7",0,"1",1,4458,1.37274252366093,0.163982893446668,0.326692101472803
"2011-07-19","3",0,"7",0,"2",1,4541,1.53663128479576,0.158132028798169,-0.772746778718342
"2011-07-20","3",0,"7",0,"3",1,4332,1.49110662892498,0.555990824896081,-0.989311882606549
"2011-07-21","3",0,"7",0,"4",1,3784,1.74604470180138,0.444824396574605,0.406909364382734
"2011-07-22","3",0,"7",0,"5",1,3387,1.92814332528452,-0.333340601675723,-0.740487825805502
"2011-07-23","3",0,"7",0,"6",0,3285,1.9326957908716,-0.897949040255848,-0.764735805411653
"2011-07-24","3",0,"7",0,"0",0,3606,1.82798908236879,-0.541046296697427,-0.275044900194726
"2011-07-25","3",0,"7",0,"1",1,3840,1.35453266131262,0.907042703806003,-1.28620177924773
"2011-07-26","3",0,"7",0,"2",1,4590,1.50931649127329,-0.611256672479412,0.126095179276453
"2011-07-27","3",0,"7",0,"3",1,4656,1.5275263536216,-1.57957477180595,-0.090631219376318
"2011-07-28","3",0,"7",0,"4",1,4390,1.550288681557,-0.312862575405977,-0.154934065515915
"2011-07-29","3",0,"7",0,"5",1,3846,1.87351373823958,-0.599554943182414,-0.210957113741215
"2011-07-30","3",0,"7",0,"6",0,4475,1.68686264916936,-1.1378344908443,-0.283217168265979
"2011-07-31","3",0,"7",0,"0",0,4302,1.69596758034351,-1.03251892717132,-0.331283008106112
"2011-08-01","3",0,"8",0,"1",1,4266,1.50931649127329,-0.541046296697427,-0.435748250622196
"2011-08-02","3",0,"8",0,"2",1,4845,1.57305100949239,-0.959383119065085,0.198247703958174
"2011-08-03","3",0,"8",0,"3",1,3574,1.29079814309352,0.207864378310408,-0.708443932578746
"2011-08-04","3",0,"8",0,"4",1,4576,1.17243403782947,0.909968136130253,0.0859865478214869
"2011-08-05","3",0,"8",0,"5",1,4866,1.17698650341655,0.0206367095584491,-0.0747168026059831
"2011-08-06","3",0,"8",0,"6",0,4294,1.2088537625261,0.892415542184757,0.48728792205723
"2011-08-07","3",0,"8",0,"0",0,3785,1.34998019572554,0.87778838056351,0.141955831125266
"2011-08-08","3",0,"8",0,"1",1,4326,1.47289676657666,-0.251428496596741,0.0217912315249331
"2011-08-09","3",0,"8",0,"2",1,4602,1.5275263536216,-0.403550977457707,-0.507954540225439
"2011-08-10","3",0,"8",0,"3",1,4780,1.48200169775082,-1.43037772326923,0.126095179276453
"2011-08-11","3",0,"8",0,"4",1,4792,1.21340622811318,-1.43330315559348,-0.331498067792198
"2011-08-12","3",0,"8",0,"5",1,4905,1.16332910665531,-1.49473723440272,-0.836995859936417
"2011-08-13","3",0,"8",0,"6",0,4150,1.04041253580419,0.713964170405546,0.270561523404459
"2011-08-14","3",0,"8",0,"0",0,3820,0.990335414346327,1.33123039082216,0.41481280784638
"2011-08-15","3",0,"8",0,"1",1,4338,0.931153361714305,0.591096012787073,0.238302570491618
"2011-08-16","3",0,"8",0,"2",1,4725,1.12235691637161,-0.34796776329697,0.591538104887228
"2011-08-17","3",0,"8",0,"3",1,4694,1.24527348722273,-0.368445789566715,-0.604139984827226
"2011-08-18","3",0,"8",0,"4",1,3805,1.18153896900363,0.187386352040662,0.551268178667698
"2011-08-19","3",0,"8",0,"5",1,4153,1.03586007021711,0.667157253217556,-0.660378092738613
"2011-08-20","3",0,"8",0,"6",0,5191,1.10414705402329,0.324881671280382,-1.10996036650057
"2011-08-21","3",0,"8",0,"0",0,3873,1.17698650341655,0.997731105857733,0.751865100864048
"2011-08-22","3",0,"8",0,"1",1,4758,1.07227979491374,-1.1085801676018,1.11311160856635
"2011-08-23","3",0,"8",0,"2",1,5895,0.794579394101946,-1.21097029895053,-0.564192648136825
"2011-08-24","3",0,"8",0,"3",1,5130,0.972125551998012,-0.160740094545011,0.808049443853913
"2011-08-25","3",0,"8",0,"4",1,3542,1.03130760463003,1.00943283515473,0.26255055009777
"2011-08-26","3",0,"8",0,"5",1,4661,1.11780445078453,0.936297027048497,-1.37453754530739
"2011-08-27","3",0,"8",0,"6",0,1115,1.00854527669464,1.55941411211361,2.38884566642617
"2011-08-28","3",0,"8",0,"0",0,4334,1.15636651222802,-0.464296719249473,1.47323537820158
"2011-08-29","3",0,"8",0,"1",1,4634,0.771817066166552,-0.514717405779183,-0.39563961916723
"2011-08-30","3",0,"8",0,"2",1,5204,0.785474462927788,-0.558598890642923,-0.844899303400064
"2011-08-31","3",0,"8",0,"3",1,5058,0.881076240256439,-0.21047244405725,-1.38265604845712
"2011-09-01","3",0,"9",0,"4",1,5115,0.871971309082282,0.0791453560434362,-0.628280434590336
"2011-09-02","3",0,"9",0,"5",1,4727,0.808236790863181,0.69641157646005,-0.652367119431924
"2011-09-03","3",0,"9",0,"6",0,4484,0.949363224062619,0.623275768353816,-0.0665982994562514
"2011-09-04","3",0,"9",0,"0",0,4940,1.16788157224239,0.801727140133027,0.206204912343341
"2011-09-05","3",0,"9",1,"1",0,3351,0.972125551998013,1.14107728974595,0.286583470017837
"2011-09-06","3",0,"9",0,"2",1,2710,0.243731058065432,1.81888724000355,1.98014810907331
"2011-09-07","3",0,"9",0,"3",1,1996,0.566956114748014,2.03040871631775,-1.20603828125932
"2011-09-08","3",0,"9",0,"4",1,1842,0.756774136400553,2.18825486911747,0.0291827394314841
"2011-09-09","3",0,"9",0,"5",1,3544,0.844656515559811,1.89583882940229,-0.853017806549795
"2011-09-10","3",0,"9",0,"6",0,5345,0.899286102604754,0.883639245212009,-0.475856882077162
"2011-09-11","3",0,"9",0,"0",0,5046,0.862866377908125,0.60279774208407,-0.973343700914693
"2011-09-12","3",0,"9",0,"1",1,4713,0.813778922882234,0.451311224771854,-1.31065780572412
"2011-09-13","3",0,"9",0,"2",1,4763,0.849208981146889,0.594021445111322,-0.628172904747293
"2011-09-14","3",0,"9",0,"3",1,4785,0.972125551998012,0.485780449114096,-0.299185349957836
"2011-09-15","3",0,"9",0,"4",1,3659,0.44859200948397,0.570617986517328,1.04079778912006
"2011-09-16","3",0,"9",0,"5",1,4760,-0.143228516836252,-0.263130225893738,-0.339401511255844
"2011-09-17","3",0,"9",0,"6",0,4511,-0.0203119459851286,0.634977497650813,-0.0104677213879079
"2011-09-18","3",0,"9",0,"0",0,4274,0.0661849001693653,0.47115328749285,-0.154880300594393
"2011-09-19","3",0,"9",0,"1",1,4539,0.293808179523297,0.436048099601857,-0.49994356691875
"2011-09-20","3",0,"9",0,"2",1,3641,0.362095163329476,1.77882153643231,-0.716562435728478
"2011-09-21","3",0,"9",0,"3",1,4352,0.544193786812621,1.91046599102353,-1.21399548964449
"2011-09-22","3",0,"9",0,"4",1,4795,0.726292410295766,1.92509315264478,-0.804683142102055
"2011-09-23","4",0,"9",0,"5",1,2395,0.621585701792958,2.41949121544292,-1.44674383491064
"2011-09-24","4",0,"9",0,"6",0,5423,0.607928305031722,1.64717708184109,-1.44652877522455
"2011-09-25","4",0,"9",0,"0",0,5010,0.758159669405316,1.52430892422262,-1.80788281276989
"2011-09-26","4",0,"9",0,"1",1,4630,0.840104049972732,1.54771238281661,-1.02952804390456
"2011-09-27","4",0,"9",0,"2",1,4120,0.771817066166552,1.8080758596748,-0.933127539616684
"2011-09-28","4",0,"9",0,"3",1,3907,0.762712134992395,1.55063781514086,-0.540105963295237
"2011-09-29","4",0,"9",0,"4",1,4839,0.662557892076665,0.500407610735343,-0.227140355119157
"2011-09-30","4",0,"9",0,"5",1,5202,0.375752560090712,0.137654002528423,0.206312442186384
"2011-10-01","4",0,"10",0,"6",0,2429,-0.466453573518834,0.883639245212009,1.3137085307627
"2011-10-02","4",0,"10",0,"0",0,2918,-0.757811371091866,1.1498535867187,0.406801834539691
"2011-10-03","4",0,"10",0,"1",1,3570,-0.607580006718272,0.933371594724248,-1.38249475369256
"2011-10-04","4",0,"10",0,"2",1,4456,-0.0612841362688364,0.576468851165826,0.198301468879695
"2011-10-05","4",0,"10",0,"3",1,4826,0.234626126891274,0.140579434852673,-0.170794717364728
"2011-10-06","4",0,"10",0,"4",1,4765,-0.00665454922389275,-0.0495736662235355,-0.716562435728478
"2011-10-07","4",0,"10",0,"5",1,4985,0.0843947625176798,0.395092047062366,-2.16902179062915
"2011-10-08","4",0,"10",0,"6",0,5409,0.143576815149702,0.51503477235659,-1.87207812906644
"2011-10-09","4",0,"10",0,"0",0,5511,0.24828352365251,0.699337008784299,-1.63922225395725
"2011-10-10","4",0,"10",1,"1",0,5117,0.412172284787341,0.74321849364804,-1.91207923067837
"2011-10-11","4",0,"10",0,"2",1,4563,0.389409956851948,1.26979631201292,-0.612204723055437
"2011-10-12","4",0,"10",0,"3",1,2416,0.261940920413746,1.95434747588727,0.744069187243445
"2011-10-13","4",0,"10",0,"4",1,2913,0.512326527703071,1.88706253242954,-0.628387964433379
"2011-10-14","4",0,"10",0,"5",1,3644,0.302913110697454,0.620350336029567,0.430942284302801
"2011-10-15","4",0,"10",0,"6",0,5217,0.0616324345822866,-1.01496633322582,0.872244760150467
"2011-10-16","4",0,"10",0,"0",0,5041,0.0889472281047584,-0.991562874631828,1.17719939501986
"2011-10-17","4",0,"10",0,"1",1,4570,0.211863798955881,-0.339191466324222,-0.194935167127837
"2011-10-18","4",0,"10",0,"2",1,4748,0.202758867781724,0.517960204680839,-1.0374314873682
"2011-10-19","4",0,"10",0,"3",1,2424,0.253231855812378,1.87688711564954,0.681991741333778
"2011-10-20","4",0,"10",0,"4",1,4195,-0.106808792139623,0.0586673297736909,2.99090525762282
"2011-10-21","4",0,"10",0,"5",1,4304,-0.370851796190183,-0.377222086539463,0.398844626154524
"2011-10-22","4",0,"10",0,"6",0,4308,-0.398166589712655,0.00893498026145162,-1.26222262424918
"2011-10-23","4",0,"10",0,"0",0,4381,-0.402719055299733,0.795876275484528,-1.17388685818952
"2011-10-24","4",0,"10",0,"1",1,4187,-0.175095775945802,1.01235826747898,-0.925116566309996
"2011-10-25","4",0,"10",0,"2",1,4687,-0.129571120075016,-0.0349465046022886,-0.307465147872131
"2011-10-26","4",0,"10",0,"3",1,3894,-0.0612841362688363,0.64960465927206,-0.539944668530673
"2011-10-27","4",0,"10",0,"4",1,2659,-0.138676051249173,1.29905063525542,0.0938899912851327
"2011-10-28","4",0,"10",0,"5",1,3747,-0.898937804291304,-0.295309981460481,0.503148573906043
"2011-10-29","4",0,"10",0,"6",0,627,-1.31776463830254,1.78759783340506,2.07598758809313
"2011-10-30","4",0,"10",0,"0",0,3331,-0.962672322510404,-0.0290956399537901,-0.178966985435981
"2011-10-31","4",0,"10",0,"1",1,3669,-0.848860682833439,0.529661933977837,-1.0856586219729
"2011-11-01","4",0,"11",0,"2",1,4068,-0.516530694976699,0.392166614738117,-0.70860522734331
"2011-11-02","4",0,"11",0,"3",1,4186,-0.643999731414901,0.637902929975063,-1.3986779950705
"2011-11-03","4",0,"11",0,"4",1,3974,-0.475558504692991,0.520885637005089,-0.692529515808411
"2011-11-04","4",0,"11",0,"5",1,4046,-0.502873298215463,-0.0378719369265379,1.04897005719131
"2011-11-05","4",0,"11",0,"6",0,3926,-0.921700132226697,-0.763379153340378,-0.018371164851554
"2011-11-06","4",0,"11",0,"0",0,3649,-0.803336026962653,0.749069358296539,-1.27012606771283
"2011-11-07","4",0,"11",0,"1",1,4035,-0.548397954086249,0.918744433103001,-1.71954704671023
"2011-11-08","4",0,"11",0,"2",1,4205,-0.475558504692991,0.658380956244809,-1.56712349419705
"2011-11-09","4",0,"11",0,"3",1,4109,-0.521083160563778,0.915819000778752,-1.6554054953352
"2011-11-10","4",0,"11",0,"4",1,2933,-0.630342334653665,1.30197606757967,-0.0183173999300327
"2011-11-11","4",0,"11",1,"5",0,3368,-0.935357528987933,-1.27532981008402,1.60247992425415
"2011-11-12","4",0,"11",0,"6",0,4067,-0.757811371091866,-0.526419135076181,0.278411201946584
"2011-11-13","4",0,"11",0,"0",0,3717,-0.298012346796925,-1.19049227268078,1.17725315994138
"2011-11-14","4",0,"11",0,"1",1,4486,0.189101471020488,-0.286533684487733,1.49822974142415
"2011-11-15","4",0,"11",0,"2",1,4195,0.189101471020488,0.427271802629109,0.118030441048242
"2011-11-16","4",0,"11",0,"3",1,1817,-0.211515500642431,2.12109711836949,-0.692368221043847
"2011-11-17","4",0,"11",0,"4",1,3053,-0.839755751659282,-0.365520357242466,1.48231532465381
"2011-11-18","4",0,"11",0,"5",1,3392,-1.20850546421265,-1.52984242229371,-0.283270933187501
"2011-11-19","4",0,"11",0,"6",0,3663,-0.908042735465461,-0.883321878634601,0.438845727766447
"2011-11-20","4",0,"11",0,"0",0,3520,-0.175095775945802,0.398017479386616,-0.0585335612280411
"2011-11-21","4",0,"11",0,"1",1,2765,-0.261592622100296,1.98067636680552,-0.676561334116555
"2011-11-22","4",0,"11",0,"2",1,1607,-0.430033848822205,2.34928083966094,-0.925116566309996
"2011-11-23","4",0,"11",0,"3",1,2566,-0.298012346796925,0.912893568454503,1.87539066589678
"2011-11-24","4",0,"11",1,"4",0,1495,-0.666762059350294,-0.552748025994424,-0.299131585036314
"2011-11-25","4",0,"11",0,"5",1,2792,-0.657657128176136,0.111325111610179,-1.18184406657469
"2011-11-26","4",0,"11",0,"6",0,3068,-0.653104662589058,0.37753945311687,-1.57508070258222
"2011-11-27","4",0,"11",0,"0",0,3071,-0.197858103881195,0.494556746086845,0.238302570491618
"2011-11-28","4",0,"11",0,"1",1,3867,0.044214305379551,0.808468353749775,-0.624075082685249
"2011-11-29","4",0,"11",0,"2",1,2914,-0.202410569468274,1.42484422519814,0.872352289993509
"2011-11-30","4",0,"11",0,"3",1,3613,-0.930805063400854,-0.102231448060024,1.04095908388463
"2011-12-01","4",0,"12",0,"4",1,3727,-0.999092047207033,-0.725348533125136,0.382876444462668
"2011-12-02","4",0,"12",0,"5",1,3940,-0.989987116032876,-0.0144684783325431,-1.15786491157614
"2011-12-03","4",0,"12",0,"6",0,3614,-1.07193149660029,-0.105156880384273,-1.22200646295118
"2011-12-04","4",0,"12",0,"0",0,3485,-0.898937804291303,1.03868715839723,-1.37459131022891
"2011-12-05","4",0,"12",0,"1",1,3811,-0.598475075544114,1.3985153342799,-1.65524420057063
"2011-12-06","4",0,"12",0,"2",1,2594,-0.179648241532881,2.25859243760921,0.543203440439488
"2011-12-07","4",0,"12",0,"3",1,705,-0.466453573518834,2.40486405382167,0.976656237745029
"2011-12-08","4",0,"12",0,"4",1,3322,-1.25403012008344,-0.336266033999972,0.639657709648882
"2011-12-09","4",0,"12",0,"5",1,3620,-1.11745615247108,0.477004152141349,-1.39061325684229
"2011-12-10","4",0,"12",0,"6",0,3190,-1.20395299862557,-0.84529125841936,0.551429473432262
"2011-12-11","4",0,"12",0,"0",0,2743,-1.49986326178568,-0.968159416037833,-1.59932868218837
"2011-12-12","4",0,"12",0,"1",1,3310,-1.40426148445703,0.301478212686387,-1.63922225395725
"2011-12-13","4",0,"12",0,"2",1,3523,-1.16298080834186,-0.266055658217988,-0.644356146125235
"2011-12-14","4",0,"12",0,"3",1,3740,-0.971777253684561,0.251745863174148,-1.67137367702705
"2011-12-15","4",0,"12",0,"4",1,3709,-0.398166589712655,0.0440401681524437,1.00074292258662
"2011-12-16","4",0,"12",0,"5",1,3577,-0.657657128176136,-0.895023607931599,0.904396183220265
"2011-12-17","4",0,"12",0,"6",0,2739,-1.29500231036714,-0.470835920915442,0.679766341103848
"2011-12-18","4",0,"12",0,"0",0,2431,-1.40426148445703,-0.292384549136232,-0.267195221652602
"2011-12-19","4",0,"12",0,"1",1,3403,-1.19484806745141,0.0674436267464386,-0.226979060354593
"2011-12-20","4",0,"12",0,"2",1,3750,-0.598475075544114,-0.228025038002746,-1.66347023356341
"2011-12-21","1",0,"12",0,"3",1,2660,-0.366299330603104,1.6179227585986,0.398898391076045
"2011-12-22","1",0,"12",0,"4",1,3068,-0.393614124125576,0.909968136130253,-1.84793767930333
"2011-12-23","1",0,"12",0,"5",1,2209,-0.666762059350294,0.409719208683614,1.08079889073198
"2011-12-24","1",0,"12",0,"6",0,1011,-1.05372163425198,-0.599554943182414,-0.00234921823817621
"2011-12-25","1",0,"12",0,"0",0,754,-1.20514059834394,0.374995598921871,-0.45672124522611
"2011-12-26","1",0,"12",1,"1",0,1317,-0.948619059176379,-0.849107039711859,0.632004389950575
"2011-12-27","1",0,"12",0,"2",1,1162,-0.930805063400854,0.945073324021245,-0.0262746083152001
"2011-12-28","1",0,"12",0,"3",1,2302,-1.07212942988669,-0.870475414949855,1.33519346092371
"2011-12-29","1",0,"12",0,"4",1,2423,-1.34963189741209,-0.377222086539463,-0.917105593003306
"2011-12-30","1",0,"12",0,"5",1,2999,-1.00364451279411,0.06159276209794,-0.724519644113645
"2011-12-31","1",0,"12",0,"6",0,2485,-0.466453573518834,-0.0846788541145278,0.382822679541146
"2012-01-01","1",1,"1",0,"0",0,2294,-0.684971921698608,0.453600693547354,0.0216837016818903
"2012-01-02","1",1,"1",1,"1",0,1951,-1.21464139609089,-1.73131567453767,1.79590741104588
"2012-01-03","1",1,"1",0,"2",1,2236,-1.88682283668737,-1.31043499797501,2.26050879875458
"2012-01-04","1",1,"1",0,"3",1,2368,-2.11899858162838,-1.49766266672697,-0.0746630376844617
"2012-01-05","1",1,"1",0,"4",1,3272,-1.25403012008344,-0.728273965449386,-0.780650222181989
"2012-01-06","1",1,"1",0,"5",1,4098,-0.880727941942989,-0.602480375506664,-0.291335671415711
"2012-01-07","1",1,"1",0,"6",0,4521,-0.557502885260407,-0.675616183612898,-0.202946140434526
"2012-01-08","1",1,"1",0,"0",0,3425,-0.862518079594675,-1.14368535549279,0.01361896345368
"2012-01-09","1",1,"1",0,"1",1,2376,-1.48165339943737,0.517960204680839,-1.18179030165317
"2012-01-10","1",1,"1",0,"2",1,3598,-1.01987504227848,0.130785596201925,-0.0378597801004203
"2012-01-11","1",1,"1",0,"3",1,2177,-1.20850546421265,1.54186151816811,-0.764735805411654
"2012-01-12","1",1,"1",0,"4",1,4097,-0.616684937892429,1.22884025947343,-0.122836407367638
"2012-01-13","1",1,"1",0,"5",1,3214,-1.20850546421265,-0.84529125841936,2.42099708949597
"2012-01-14","1",1,"1",0,"6",0,2493,-1.72293407555254,-1.19634313732928,-0.0426191444577062
"2012-01-15","1",1,"1",0,"0",0,2311,-1.79577352494579,-1.46548291116022,0.78417781869841
"2012-01-16","1",1,"1",1,"1",0,2298,-1.66830448850759,-0.739975694746383,0.527396553512196
"2012-01-17","1",1,"1",0,"2",1,2935,-0.668345525641452,0.619205601641817,2.0470784235516
"2012-01-18","1",1,"1",0,"3",1,3376,-1.0491691686649,-1.29580783635376,2.90256949156316
"2012-01-19","1",1,"1",0,"4",1,3292,-1.66830448850759,-0.915501634201345,0.382876444462668
"2012-01-20","1",1,"1",0,"5",1,3163,-1.518073124134,-1.24900091916577,0.158246602346251
"2012-01-21","1",1,"1",0,"6",0,1301,-1.75935380024916,1.42776965752239,0.414920337689423
"2012-01-22","1",1,"1",0,"0",0,1977,-1.81853585288119,1.18203334228544,0.118084205969764
"2012-01-23","1",1,"1",0,"1",1,2432,-1.51352065854692,1.98945266377826,-1.02942051406151
"2012-01-24","1",1,"1",0,"2",1,4339,-0.835203286072203,1.45994941308913,-0.860921250013442
"2012-01-25","1",1,"1",0,"3",1,4270,-1.09924629012276,0.111325111610179,-0.379563907632331
"2012-01-26","1",1,"1",0,"4",1,4075,-0.839755751659281,0.994805673533484,-1.51088538628567
"2012-01-27","1",1,"1",0,"5",1,3456,-0.384509192951419,0.795876275484528,1.96367266703492
"2012-01-28","1",1,"1",0,"6",0,4023,-0.980882184858718,-0.593704078533916,0.262496785176249
"2012-01-29","1",1,"1",0,"0",0,3243,-1.16298080834186,-2.22316988314081,0.63955017980584
"2012-01-30","1",1,"1",0,"1",1,3624,-1.23582025773512,-1.59420193342719,0.326530806708238
"2012-01-31","1",1,"1",0,"2",1,4509,-0.575712747608721,-1.48303550510572,0.920418129833643
"2012-02-01","1",1,"2",0,"3",1,4579,-0.143228516836252,-0.842365826095111,-0.0183173999300325
"2012-02-02","1",1,"2",0,"4",1,3761,-0.525635626150856,0.316105374307634,-0.0425653795361849
"2012-02-03","1",1,"2",0,"5",1,4151,-0.994539581619954,-0.71072137150389,-0.154719005829829
"2012-02-04","1",1,"2",0,"6",0,2832,-1.26313505125759,1.06501604931547,-0.885061699776551
"2012-02-05","1",1,"2",0,"0",0,2947,-1.25403012008344,0.421420937980611,-0.18697795874267
"2012-02-06","1",1,"2",0,"1",1,3784,-1.16238700848268,-0.0401614057020376,-0.473383695687177
"2012-02-07","1",1,"2",0,"2",1,4375,-0.771468767853102,-0.924277931174093,-0.556235439751657
"2012-02-08","1",1,"2",0,"3",1,2802,-1.3041072415413,0.667157253217556,-0.732476852498813
"2012-02-09","1",1,"2",0,"4",1,3830,-1.25858258567051,-0.462059623942695,0.0458241514449997
"2012-02-10","1",1,"2",0,"5",1,3831,-1.17208573951602,-0.61710753712791,-0.949149486230062
"2012-02-11","1",1,"2",0,"6",0,2169,-1.48165339943737,0.725665899702544,1.28144957784986
"2012-02-12","1",1,"2",0,"0",0,1529,-2.00973940753849,-1.14661078781704,2.82235222865323
"2012-02-13","1",1,"2",0,"1",1,3422,-1.49075833061153,-1.52106612532096,-0.299400409643921
"2012-02-14","1",1,"2",0,"2",1,3922,-0.962672322510404,-0.836514961446612,-0.636237642975503
"2012-02-15","1",1,"2",0,"3",1,4169,-0.803336026962652,-0.678541615937147,-0.114664139296385
"2012-02-16","1",1,"2",0,"4",1,3005,-0.97632971927164,0.87778838056351,-1.27824457086256
"2012-02-17","1",1,"2",0,"5",1,4154,-0.830650820485124,0.0469656004766932,0.198193939036652
"2012-02-18","1",1,"2",0,"6",0,4318,-0.81244095813681,-0.655138157343152,0.00571551999003392
"2012-02-19","1",1,"2",0,"0",0,2689,-1.1766382051031,-0.786782611934373,0.808103208775434
"2012-02-20","1",1,"2",1,"1",0,3129,-1.1766382051031,-0.84300178964386,0.498031555940376
"2012-02-21","1",1,"2",0,"2",1,3777,-1.13388461524184,-0.235529407877995,0.196536576890623
"2012-02-22","1",1,"2",0,"3",1,4773,-0.543845488499171,-0.421103571403204,0.567558949888683
"2012-02-23","1",1,"2",0,"4",1,5062,-0.225172897403667,-0.514717405779183,0.00550046030394832
"2012-02-24","1",1,"2",0,"5",1,3487,-0.48011097028007,0.769547384566284,0.607506286579084
"2012-02-25","1",1,"2",0,"6",0,2732,-1.11745615247108,-1.62930712131819,2.98273298955157
"2012-02-26","1",1,"2",0,"0",0,3389,-1.18119067069018,-1.52984242229371,0.190236730651485
"2012-02-27","1",1,"2",0,"1",1,4322,-0.703181784046923,-0.962308551389334,1.00063539274357
"2012-02-28","1",1,"2",0,"2",1,4363,-0.74415397433063,-1.62930712131819,0.0378131781383108
"2012-02-29","1",1,"2",0,"3",1,1834,-0.825108688466072,1.24194110857768,-0.146698682102006
"2012-03-01","1",1,"3",0,"4",1,4990,-0.0521792050946791,-0.0876042864387772,0.470997150836245
"2012-03-02","1",1,"3",0,"5",1,3194,-0.776021233440181,0.204938945986158,-0.58817180313537
"2012-03-03","1",1,"3",0,"6",0,4066,-0.443691245583441,-0.046648233899286,-0.379456377789289
"2012-03-04","1",1,"3",0,"0",0,3423,-0.926252597813776,-1.5766493394817,1.85920742451884
"2012-03-05","1",1,"3",0,"1",1,3333,-1.37694669093456,-0.854067555392108,0.495137600599355
"2012-03-06","1",1,"3",0,"2",1,3956,-1.29500231036714,-1.20219400197778,0.13405238766162
"2012-03-07","1",1,"3",0,"3",1,4916,-0.498320832628385,-0.804335205879869,2.00383506341141
"2012-03-08","1",1,"3",0,"4",1,5382,0.175444074259252,-0.424029003727453,3.23978307934539
"2012-03-09","1",1,"3",0,"5",1,4569,-0.461901107931756,-1.55032044856345,2.89445098841343
"2012-03-10","1",1,"3",0,"6",0,4118,-1.13566601481939,-1.94817924466137,0.455028969144389
"2012-03-11","1",1,"3",0,"0",0,4911,-0.730100710996605,-1.05973816705781,0.414214380893794
"2012-03-12","1",1,"3",0,"1",1,5298,-0.156885913597487,-0.974010280686332,0.22228062387824
"2012-03-13","1",1,"3",0,"2",1,5847,0.380305025677791,-0.0729771248175303,0.599549078193917
"2012-03-14","1",1,"3",0,"3",1,6312,0.421277215961498,-0.848216690743609,-0.97323617107165
"2012-03-15","1",1,"3",0,"4",1,6192,0.339332835394083,-0.339191466324222,-0.523922721917295
"2012-03-16","1",1,"3",0,"5",1,4378,-0.325327140319397,1.50383089795287,-0.997376620834759
"2012-03-17","1",1,"3",0,"6",0,7836,0.102604624865994,0.898266406833256,-1.02947427898304
"2012-03-18","1",1,"3",0,"0",0,5892,-0.125018654487937,1.27857260898567,-0.820705088715433
"2012-03-19","1",1,"3",0,"1",1,6153,0.271045851587904,0.708113305757047,-0.363488196097432
"2012-03-20","1",1,"3",0,"2",1,6093,0.357542697742397,1.26394544736442,-0.893126438004761
"2012-03-21","2",1,"3",0,"3",1,6230,0.198206402194645,1.3575592817404,-1.30233125570415
"2012-03-22","2",1,"3",0,"4",1,6871,0.321122973045768,1.42776965752239,-0.940977218158809
"2012-03-23","2",1,"3",0,"5",1,8362,0.58061351150925,0.465302422844351,-0.957267989379794
"2012-03-24","2",1,"3",0,"6",0,3372,0.0388701066468935,1.8080758596748,0.0296409100670579
"2012-03-25","2",1,"3",0,"0",0,4996,-0.31622220914524,1.77589610410806,0.390833652847835
"2012-03-26","2",1,"3",0,"1",1,5558,-0.270697553274453,-1.05299695344106,2.53341954039722
"2012-03-27","2",1,"3",0,"2",1,5102,-0.939909994575011,-2.37236693167752,-0.0425116146146635
"2012-03-28","2",1,"3",0,"3",1,5698,-0.0612841362688364,-1.02959349484707,1.30564379253449
"2012-03-29","2",1,"3",0,"4",1,6133,-0.00665454922389276,-1.32506215959625,1.6666752405507
"2012-03-30","2",1,"3",0,"5",1,5459,-0.684971921698608,-0.330415169351474,-0.676400039351991
"2012-03-31","2",1,"3",0,"6",0,6235,-0.389061658538498,0.775398249214783,0.775898020784115
"2012-04-01","2",1,"4",0,"0",0,6041,-0.37995672736434,0.339508832901629,-0.235097563504325
"2012-04-02","2",1,"4",0,"1",1,5936,-0.335817604498317,-0.867422789915855,1.56975812549516
"2012-04-03","2",1,"4",0,"2",1,6772,-0.156885913597487,-1.62345625666969,-1.16587588488283
"2012-04-04","2",1,"4",0,"3",1,6436,0.252835989239589,-1.11150559992605,-0.122728877524595
"2012-04-05","2",1,"4",0,"4",1,6457,-0.329879605906475,-1.78142960217915,0.374757941312936
"2012-04-06","2",1,"4",0,"5",1,6460,-0.502873298215463,-1.76095157590941,1.41812000835726
"2012-04-07","2",1,"4",0,"6",0,6857,-0.31622220914524,-2.62395411156297,1.08886362896019
"2012-04-08","2",1,"4",0,"0",0,5169,0.0252127098856576,-2.471831630702,0.543364735204052
"2012-04-09","2",1,"4",0,"1",1,5585,-0.0339693427463645,-2.17928839827707,2.16405452954519
"2012-04-10","2",1,"4",0,"2",1,5918,-0.266145087687375,-1.35431648283875,0.759876074170737
"2012-04-11","2",1,"4",0,"3",1,4862,-0.801356694098705,-1.1116327926358,1.3521364240188
"2012-04-12","2",1,"4",0,"4",1,5409,-0.534740557325014,-1.13490905852005,1.28962184592111
"2012-04-13","2",1,"4",0,"5",1,6398,-0.288907415622768,-1.54154415159071,-0.451823962157095
"2012-04-14","2",1,"4",0,"6",0,7460,-0.00210208363681412,-0.877471013986103,0.00555422522546981
"2012-04-15","2",1,"4",0,"0",0,7132,0.607928305031722,-0.842365826095111,0.4470179958377
"2012-04-16","2",1,"4",1,"1",0,6370,0.922048430540147,-0.464985056266944,1.21736179139634
"2012-04-17","2",1,"4",0,"2",1,6691,0.617033236205879,-1.66733774153343,1.07284168234682
"2012-04-18","2",1,"4",0,"3",1,4367,-0.175095775945802,-0.412327274430456,-0.291281906494189
"2012-04-19","2",1,"4",0,"4",1,6565,0.0161077787115003,-0.108082312708523,-1.60723212565202
"2012-04-20","2",1,"4",0,"5",1,7290,0.170891608672174,0.4682278551686,-0.524084016681859
"2012-04-21","2",1,"4",0,"6",0,6624,0.407619819200262,0.386315750089618,1.20133984478297
"2012-04-22","2",1,"4",0,"0",0,1027,-0.539293022912092,1.45702398076488,1.98792064664107
"2012-04-23","2",1,"4",0,"1",1,3214,-0.949014925749168,0.974327647263739,1.45822863981222
"2012-04-24","2",1,"4",0,"2",1,5633,-0.44824371117052,-1.21974659592328,0.75998360401378
"2012-04-25","2",1,"4",0,"3",1,6196,-0.102256326552544,-1.40404883235099,-0.925116566309995
"2012-04-26","2",1,"4",0,"4",1,5026,0.0161077787115004,0.904117271481754,-0.178859455592938
"2012-04-27","2",1,"4",0,"5",1,6233,-0.206963035055352,-1.59420193342719,2.02776045348843
"2012-04-28","2",1,"4",0,"6",0,4220,-0.648552197001979,-0.971084848362082,-0.780811516946553
"2012-04-29","2",1,"4",0,"0",0,6304,-0.202410569468274,-0.286533684487733,-0.949418310837669
"2012-04-30","2",1,"4",0,"1",1,5572,-0.170543310358723,-0.406476409781957,-0.243216066654056
"2012-05-01","2",1,"5",0,"2",1,5740,0.644348029728351,0.222491539931654,-0.443759223928885
"2012-05-02","2",1,"5",0,"3",1,6169,0.375752560090712,1.18788420693394,-0.676507569195033
"2012-05-03","2",1,"5",0,"4",1,6421,0.352990232155319,0.986029376560736,-0.732799442027941
"2012-05-04","2",1,"5",0,"5",1,6296,0.721739944708687,0.754920222945037,-0.355477222790743
"2012-05-05","2",1,"5",0,"6",0,6883,0.689872685599137,0.904117271481754,-0.48381409046233
"2012-05-06","2",1,"5",0,"0",0,6359,0.366647628916555,0.78709997851178,-0.523976486838816
"2012-05-07","2",1,"5",0,"1",1,6273,0.230073661304196,0.254671295498398,0.519170520519421
"2012-05-08","2",1,"5",0,"2",1,5728,0.471354337419363,0.406793776359364,1.36188190044587
"2012-05-09","2",1,"5",0,"3",1,4717,0.434934612722734,0.816354301754274,0.334541780014927
"2012-05-10","2",1,"5",0,"4",1,6572,0.057079968995208,-0.532269999724679,1.5945764807905
"2012-05-11","2",1,"5",0,"5",1,7030,0.207311333368803,-1.87796886887938,0.599387783429353
"2012-05-12","2",1,"5",0,"6",0,7429,0.375752560090712,-1.03544435949557,-0.869093518084695
"2012-05-13","2",1,"5",0,"0",0,6118,0.639795564141272,-0.362594924918216,0.446856701073136
"2012-05-14","2",1,"5",0,"1",1,2843,0.425829681548577,1.13522642509745,0.286529705096315
"2012-05-15","2",1,"5",0,"2",1,5115,0.635243098554193,1.17033161298844,-0.556074144987093
"2012-05-16","2",1,"5",0,"3",1,7424,0.771817066166552,0.491631313762595,-0.877104491391383
"2012-05-17","2",1,"5",0,"4",1,7384,0.535088855638464,-0.757528288691879,0.503094808984522
"2012-05-18","2",1,"5",0,"5",1,7639,0.375752560090712,-0.734124830097885,-0.692529515808411
"2012-05-19","2",1,"5",0,"6",0,8294,0.571508580335093,-1.20511943430203,-1.37437625054283
"2012-05-20","2",1,"5",0,"0",0,7129,0.685320220012058,-0.684392480585645,0.824286450153376
"2012-05-21","2",1,"5",0,"1",1,4359,0.562403649160936,1.28734890595842,0.551214413746176
"2012-05-22","2",1,"5",0,"2",1,6073,0.653452960902508,0.96847678261524,-0.933181304538205
"2012-05-23","2",1,"5",0,"3",1,5260,0.689872685599137,1.02991086142448,-1.14178920004124
"2012-05-24","2",1,"5",0,"4",1,6770,0.871971309082282,0.623275768353816,-0.226979060354593
"2012-05-25","2",1,"5",0,"5",1,6734,1.00854527669464,0.836832328024019,-0.644356146125235
"2012-05-26","2",1,"5",0,"6",0,6536,1.07683226050082,0.734442196675292,0.109750643133946
"2012-05-27","2",1,"5",0,"0",0,6591,1.06317486373958,0.485780449114096,0.31851983340155
"2012-05-28","2",1,"5",1,"1",0,6043,1.18609143459071,0.339508832901629,0.0778680446717552
"2012-05-29","2",1,"5",0,"2",1,5743,1.24072102163565,0.398017479386616,1.35376339729614
"2012-05-30","2",1,"5",0,"3",1,6855,0.88107624025644,0.295627348037888,-0.724627173956688
"2012-05-31","2",1,"5",0,"4",1,7338,1.00854527669464,-0.947681389768087,0.0618460980583775
"2012-06-01","2",1,"6",0,"5",1,4127,0.867418843495204,0.895340974509006,0.607452521657563
"2012-06-02","2",1,"6",0,"6",0,8120,0.48045926859352,-0.552748025994425,-0.0506301177643951
"2012-06-03","2",1,"6",0,"0",0,7641,0.585165977096329,-0.944755957443838,-0.0825664811481077
"2012-06-04","2",1,"6",0,"1",1,6998,0.557851183573857,-0.988637442307578,1.21741555631787
"2012-06-05","2",1,"6",0,"2",1,7001,0.24828352365251,-0.102231448060024,0.246313543798307
"2012-06-06","2",1,"6",0,"3",1,7055,0.321122973045768,-0.116858609681271,-1.46276578152401
"2012-06-07","2",1,"6",0,"4",1,7494,0.585165977096329,-0.426954436051702,-0.427575982550943
"2012-06-08","2",1,"6",0,"5",1,7736,0.840104049972732,-1.12320732922305,-0.194881402206316
"2012-06-09","2",1,"6",0,"6",0,7498,1.17698650341655,-1.3396893212175,-0.596129011520537
"2012-06-10","2",1,"6",0,"0",0,6598,1.26348334957104,-0.628809266424908,-0.732476852498812
"2012-06-11","2",1,"6",0,"1",1,6664,1.23161609046149,-0.280682819839235,0.22228062387824
"2012-06-12","2",1,"6",0,"2",1,4972,0.862866377908125,1.44239681914363,0.310455095173339
"2012-06-13","2",1,"6",0,"3",1,7421,0.876523774669361,-0.321638872378726,1.97157611049857
"2012-06-14","2",1,"6",0,"4",1,7363,0.835551584385653,-0.409401842106206,0.816114182082123
"2012-06-15","2",1,"6",0,"5",1,7665,0.785474462927788,-0.268981090542237,-0.178966985435981
"2012-06-16","2",1,"6",0,"6",0,7702,0.744502272644081,-0.868694717013355,-0.307357618029089
"2012-06-17","2",1,"6",0,"0",0,6978,0.530536390051385,-0.204621579408751,-0.58817180313537
"2012-06-18","2",1,"6",0,"1",1,5099,0.398514888026105,1.05331432001847,-0.203107435199091
"2012-06-19","2",1,"6",0,"2",1,6825,1.05406993256543,0.436048099601857,-0.548009406758883
"2012-06-20","2",1,"6",0,"3",1,6211,1.56849854390531,-0.251428496596741,-0.98936564752807
"2012-06-21","3",1,"6",0,"4",1,5905,1.69596758034351,-0.421103571403204,-0.925170331231517
"2012-06-22","3",1,"6",0,"5",1,5823,1.54118375038284,-0.380147518863713,-0.0986421926830069
"2012-06-23","3",1,"6",0,"6",0,7458,1.29079814309352,-0.655138157343152,-0.138912118902537
"2012-06-24","3",1,"6",0,"0",0,6891,1.35453266131262,-1.04422065646832,-0.580160829828681
"2012-06-25","3",1,"6",0,"1",1,6779,1.20430129693902,-0.868694717013355,1.41806624343574
"2012-06-26","3",1,"6",0,"2",1,7442,0.739949807057002,-1.78728046682765,2.02786798333148
"2012-06-27","3",1,"6",0,"3",1,7335,1.10414705402329,-1.88089430120363,1.04891629226979
"2012-06-28","3",1,"6",0,"4",1,6879,1.38639992042217,-1.44207945256623,-0.243054771889492
"2012-06-29","3",1,"6",0,"5",1,5463,1.85075141030419,-0.976935713010581,-0.323487094485509
"2012-06-30","3",1,"6",0,"6",0,5687,1.47289676657666,-0.187068985463255,-0.379563907632331
"2012-07-01","3",1,"7",0,"0",0,5531,1.75059716738846,-0.766304585664627,-0.283324698109022
"2012-07-02","3",1,"7",0,"1",1,6227,1.56394607831823,-1.26947894543552,0.0616848032938132
"2012-07-03","3",1,"7",0,"2",1,6660,1.55939361273115,-0.953532254416586,-0.82903865155125
"2012-07-04","3",1,"7",1,"3",0,7403,1.60491826860194,-0.625883834100659,-0.716616200649999
"2012-07-05","3",1,"7",0,"4",1,6241,1.81433168560756,-1.19341770500503,0.0457166216019569
"2012-07-06","3",1,"7",0,"5",1,6207,1.81888415119464,-1.24315005451727,-0.572203621443514
"2012-07-07","3",1,"7",0,"6",0,4840,2.00098277467778,-0.953532254416586,-0.347520014405576
"2012-07-08","3",1,"7",0,"0",0,4672,1.78701689208509,-0.380147518863713,-0.836888330093375
"2012-07-09","3",1,"7",0,"1",1,6569,1.17698650341655,0.389241182413868,-0.122728877524595
"2012-07-10","3",1,"7",0,"2",1,6290,1.23161609046149,0.278074754092392,-0.499997331840271
"2012-07-11","3",1,"7",0,"3",1,7264,1.2088537625261,0.038189303503945,-0.500051096761792
"2012-07-12","3",1,"7",0,"4",1,7446,1.20430129693902,-0.690243345234144,-0.564031353372261
"2012-07-13","3",1,"7",0,"5",1,7499,1.29079814309352,-0.997413739280326,-1.41469994168388
"2012-07-14","3",1,"7",0,"6",0,6969,1.13601431313284,0.500407610735343,-0.603978690062662
"2012-07-15","3",1,"7",0,"0",0,6031,1.36819005807385,0.632052065326564,-0.307357618029089
"2012-07-16","3",1,"7",0,"1",1,6830,1.4637918354025,0.120101408582927,-0.339347746334323
"2012-07-17","3",1,"7",0,"2",1,6786,1.76425456414969,-0.856992987716357,-0.981408439142903
"2012-07-18","3",1,"7",0,"3",1,5713,1.62768059653733,-0.356744060269718,-0.684464777580201
"2012-07-19","3",1,"7",0,"4",1,6591,1.50021156009913,-0.192919850111754,-0.323325799720945
"2012-07-20","3",1,"7",0,"5",1,5870,0.931153361714305,1.51845805957412,0.238463865256182
"2012-07-21","3",1,"7",0,"6",0,4459,0.5487462523997,1.66765510811083,0.29437938363844
"2012-07-22","3",1,"7",0,"0",0,7410,0.940258292888462,0.945073324021245,-1.24603938287124
"2012-07-23","3",1,"7",0,"1",1,6966,1.34542773013846,0.465302422844351,-0.668442830966823
"2012-07-24","3",1,"7",0,"2",1,7592,1.39550485159632,0.190311784364912,0.270561523404459
"2012-07-25","3",1,"7",0,"3",1,8173,1.24982595280981,-1.24900091916577,-0.331444302870677
"2012-07-26","3",1,"7",0,"4",1,6861,1.53663128479576,-0.219248741029998,1.21714673171026
"2012-07-27","3",1,"7",0,"5",1,6904,1.56394607831823,-0.233875902651245,-0.483814090462329
"2012-07-28","3",1,"7",0,"6",0,6685,1.4228196451188,-0.102231448060024,-0.427575982550943
"2012-07-29","3",1,"7",0,"0",0,6597,1.23616855604857,-0.0290956399537901,-0.259238013267434
"2012-07-30","3",1,"7",0,"1",1,7105,1.28624567750644,0.28685105106514,-0.475749352234119
"2012-07-31","3",1,"7",0,"2",1,7216,1.19064390017779,0.535512798626335,-0.323379564642466
"2012-08-01","3",1,"8",0,"3",1,7580,1.21340622811318,0.348285129874377,-0.636237642975503
"2012-08-02","3",1,"8",0,"4",1,7261,1.40460978277048,0.222491539931654,-0.788822490253242
"2012-08-03","3",1,"8",0,"5",1,7175,1.47744923216374,0.102548814637431,0.326530806708238
"2012-08-04","3",1,"8",0,"6",0,6824,1.62768059653733,-0.102231448060024,0.864180021922257
"2012-08-05","3",1,"8",0,"0",0,5464,1.49565909451205,0.172759190419416,1.28951431607807
"2012-08-06","3",1,"8",0,"1",1,7013,1.40460978277048,0.184460919716413,-0.788822490253242
"2012-08-07","3",1,"8",0,"2",1,7273,1.31356047102891,0.532587366302086,-0.949418310837669
"2012-08-08","3",1,"8",0,"3",1,7534,1.39095238600925,0.316105374307634,-1.02952804390456
"2012-08-09","3",1,"8",0,"4",1,7286,1.4228196451188,-0.0524990985477849,-0.443705459007364
"2012-08-10","3",1,"8",0,"5",1,5786,1.20430129693902,0.617424903705318,0.623581998113983
"2012-08-11","3",1,"8",0,"6",0,6299,1.07683226050082,0.737367628999541,0.206366207107905
"2012-08-12","3",1,"8",0,"0",0,6544,1.12235691637161,-0.684392480585646,-0.877104491391383
"2012-08-13","3",1,"8",0,"1",1,6883,1.23161609046149,-0.579076916912669,-0.700325429429014
"2012-08-14","3",1,"8",0,"2",1,6784,1.26348334957104,0.412644641007862,-0.27520619495929
"2012-08-15","3",1,"8",0,"3",1,7347,1.15422417548116,-0.0583499631962836,-0.267302751495644
"2012-08-16","3",1,"8",0,"4",1,7605,1.22251115928734,-0.763379153340378,-0.628280434590336
"2012-08-17","3",1,"8",0,"5",1,7148,1.24527348722273,-0.400625545133458,0.527342788590674
"2012-08-18","3",1,"8",0,"6",0,7865,0.999440345520484,-0.172441823842009,-0.162837508979561
"2012-08-19","3",1,"8",0,"0",0,4549,0.767264600579474,0.588170580462824,-1.34243988715912
"2012-08-20","3",1,"8",0,"1",1,6530,0.767264600579474,0.746143925972289,-0.780757752025031
"2012-08-21","3",1,"8",0,"2",1,7006,0.840104049972732,0.321956238956133,-1.51895012451388
"2012-08-22","3",1,"8",0,"3",1,7375,0.940258292888462,0.345359697550128,-1.55104778266215
"2012-08-23","3",1,"8",0,"4",1,7765,1.09504212284913,0.0557418974494411,-1.36636527723614
"2012-08-24","3",1,"8",0,"5",1,7582,1.13146184754576,-0.0905297187630266,-1.52701486274209
"2012-08-25","3",1,"8",0,"6",0,6053,0.908391033778912,0.596946877435572,0.695788287717226
"2012-08-26","3",1,"8",0,"0",0,5255,0.862866377908125,1.53015978887112,0.495137600599354
"2012-08-27","3",1,"8",0,"1",1,6917,1.13601431313284,0.719815035054045,-0.796833463559931
"2012-08-28","3",1,"8",0,"2",1,7040,1.2725882807452,-0.0554245308720342,0.00566175506851256
"2012-08-29","3",1,"8",0,"3",1,7697,1.03586007021711,-0.532269999724679,-1.00549512398449
"2012-08-30","3",1,"8",0,"4",1,7713,1.15422417548116,-0.263130225893738,-1.46287331136706
"2012-08-31","3",1,"8",0,"5",1,7350,1.46834430098958,-0.283608252163484,-0.283270933187501
"2012-09-01","3",1,"9",0,"6",0,6140,1.40916224835756,0.0732944913949374,-0.997430385756281
"2012-09-02","3",1,"9",0,"0",0,5810,1.09959458843621,1.31367779687666,-1.63121128065057
"2012-09-03","3",1,"9",1,"1",0,6034,1.15877664106824,1.1440027220702,-0.507954540225439
"2012-09-04","3",1,"9",0,"2",1,6864,1.25893088398397,0.892415542184756,0.591430575044185
"2012-09-05","3",1,"9",0,"3",1,7112,1.31811293661599,0.795876275484528,-0.0345544062294959
"2012-09-06","3",1,"9",0,"4",1,6203,1.09959458843621,1.28149804130992,-0.620215696362125
"2012-09-07","3",1,"9",0,"5",1,7504,1.13601431313284,0.760771087593536,-0.243108536811013
"2012-09-08","3",1,"9",0,"6",0,5976,0.894733637017676,1.20251136855519,1.16929595155621
"2012-09-09","3",1,"9",0,"0",0,8227,0.626138167380036,-0.564449755291422,0.438845727766447
"2012-09-10","3",1,"9",0,"1",1,7525,0.48045926859352,-0.871620149337604,0.880363263300198
"2012-09-11","3",1,"9",0,"2",1,7767,0.44859200948397,-0.757528288691879,-1.27012606771283
"2012-09-12","3",1,"9",0,"3",1,7870,0.566956114748014,-0.356744060269718,-0.756671067183443
"2012-09-13","3",1,"9",0,"4",1,7804,0.639795564141272,0.0645181944221892,-1.39055949192077
"2012-09-14","3",1,"9",0,"5",1,8009,0.753607203818238,0.313179941983385,-1.11775628012118
"2012-09-15","3",1,"9",0,"6",0,8714,0.617033236205879,-0.886247310958851,0.735950684093713
"2012-09-16","3",1,"9",0,"0",0,7333,0.462249406245206,-0.406476409781957,-1.29426651747594
"2012-09-17","3",1,"9",0,"1",1,6869,0.466801871832284,0.749069358296538,-0.49994356691875
"2012-09-18","3",1,"9",0,"2",1,4073,0.698977616773294,1.71738745762307,2.15620485100306
"2012-09-19","3",1,"9",0,"3",1,7591,0.312018041871611,-0.640510995721905,0.318573598323071
"2012-09-20","3",1,"9",0,"4",1,7720,0.280150782762061,-0.0671262601690317,-0.933181304538205
"2012-09-21","3",1,"9",0,"5",1,8167,0.566956114748014,0.28685105106514,-0.467845908770473
"2012-09-22","3",1,"9",0,"6",0,8395,0.844656515559811,0.131803137879924,1.20128607986145
"2012-09-23","4",1,"9",0,"0",0,7907,0.18454900543341,-1.12905819387155,0.422877546074591
"2012-09-24","4",1,"9",0,"1",1,7436,0.102604624865994,-0.947681389768087,-0.620430756048211
"2012-09-25","4",1,"9",0,"2",1,7538,0.298360645110375,-0.406476409781957,0.591430575044185
"2012-09-26","4",1,"9",0,"3",1,7733,0.762712134992395,0.020636709558449,0.695680757874183
"2012-09-27","4",1,"9",0,"4",1,7393,0.844656515559811,0.441898964250356,-0.724465879192124
"2012-09-28","4",1,"9",0,"5",1,7415,0.676215288837901,0.436048099601858,-0.339455276177366
"2012-09-29","4",1,"9",0,"6",0,8555,0.257388454826668,-0.596629510858165,0.478954359221412
"2012-09-30","4",1,"9",0,"0",0,6889,0.170891608672174,-0.312862575405978,-0.716508670806956
"2012-10-01","4",1,"10",0,"1",1,6778,0.139024349562623,0.149355731825421,-1.28625554416925
"2012-10-02","4",1,"10",0,"2",1,4639,0.521431458877228,1.71153659297458,-1.10985283665753
"2012-10-03","4",1,"10",0,"3",1,7572,0.885628705843518,1.16448074833995,-1.59927491726685
"2012-10-04","4",1,"10",0,"4",1,7328,0.885628705843518,0.667157253217556,-0.941192277844894
"2012-10-05","4",1,"10",0,"5",1,8156,0.653452960902508,-0.00276674903554589,-1.0856586219729
"2012-10-06","4",1,"10",0,"6",0,7965,0.321122973045768,0.254671295498397,1.00052786290053
"2012-10-07","4",1,"10",0,"0",0,3510,-0.434586314409284,0.564767121868829,-0.636452702661589
"2012-10-08","4",1,"10",1,"1",0,5478,-0.61213247230535,0.573543418841577,-0.0104139564663866
"2012-10-09","4",1,"10",0,"2",1,6392,-0.266145087687375,0.939222459372746,-0.00240298315969771
"2012-10-10","4",1,"10",0,"3",1,7691,0.102604624865994,0.020636709558449,-0.0343931114649318
"2012-10-11","4",1,"10",0,"4",1,7570,-0.329879605906475,-1.15538708478979,-0.114717904217906
"2012-10-12","4",1,"10",0,"5",1,7282,-0.316222209145239,-0.622958401776409,0.575569923195371
"2012-10-13","4",1,"10",0,"6",0,7109,-0.557502885260407,-0.93597966047109,-0.572203621443514
"2012-10-14","4",1,"10",0,"0",0,6639,0.143576815149702,0.0879216530161842,1.13714452848641
"2012-10-15","4",1,"10",0,"1",1,5875,0.362095163329476,0.55891625722033,1.36198943028892
"2012-10-16","4",1,"10",0,"2",1,7534,-0.14778098242333,-0.488388514860939,-0.106653165989696
"2012-10-17","4",1,"10",0,"3",1,7461,-0.21606796622951,0.456526125871603,-1.14990770319098
"2012-10-18","4",1,"10",0,"4",1,7509,0.148129280736781,0.705187873432798,0.599387783429353
"2012-10-19","4",1,"10",0,"5",1,5424,0.371200094503633,1.31367779687666,-0.716562435728478
"2012-10-20","4",1,"10",0,"6",0,8090,-0.0612841362688362,-0.385998383512211,-0.941299807687937
"2012-10-21","4",1,"10",0,"0",0,6824,-0.170543310358723,-0.827738664473864,-0.315261061492735
"2012-10-22","4",1,"10",0,"1",1,7058,-0.0430742739205218,-0.418178139078954,-1.40652767361263
"2012-10-23","4",1,"10",0,"2",1,7466,0.266493386000825,0.0966979499889321,-1.23797464464303
"2012-10-24","4",1,"10",0,"3",1,7693,0.503221596528913,0.0586673297736906,-1.51884259467084
"2012-10-25","4",1,"10",0,"4",1,7359,0.298360645110375,1.21128766552794,-0.853071571471317
"2012-10-26","4",1,"10",0,"5",1,7444,0.275598317174982,1.25809458271593,-0.748660093876754
"2012-10-27","4",1,"10",0,"6",0,7852,0.189101471020488,0.646679226947811,0.583312071894453
"2012-10-28","4",1,"10",0,"0",0,4459,-0.0977038609654654,0.4682278551686,2.67777835468218
"2012-10-29","4",1,"10",0,"1",1,22,-0.302564812384004,1.77004523945956,2.16410829446671
"2012-10-30","4",1,"10",0,"2",1,1096,-0.968052509113316,1.38707955337601,0.290625614572219
"2012-10-31","4",1,"10",0,"3",1,5566,-0.753258905504788,0.272223889443894,-0.307357618029089
"2012-11-01","4",1,"11",0,"4",1,5986,-0.707734249634001,-0.324564304702975,-0.427629747472464
"2012-11-02","4",1,"11",0,"5",1,5847,-0.766916302266024,-0.742901127070633,0.976656237745029
"2012-11-03","4",1,"11",0,"6",0,5138,-0.830650820485124,-0.959383119065085,1.03284058073489
"2012-11-04","4",1,"11",0,"0",0,5107,-0.926252597813775,-0.666839886640149,-0.146815562366183
"2012-11-05","4",1,"11",0,"1",1,5259,-0.962672322510405,-0.93890509279534,0.591484339965707
"2012-11-06","4",1,"11",0,"2",1,5686,-1.17208573951602,-0.426954436051702,-0.219021851969426
"2012-11-07","4",1,"11",0,"3",1,5035,-1.09014135894861,-0.564449755291422,1.46613208327587
"2012-11-08","4",1,"11",0,"4",1,5315,-0.782355098604812,-2.06710442827759,2.03035987056373
"2012-11-09","4",1,"11",0,"5",1,5992,-0.730496577569395,-0.611256672479412,0.310616389937904
"2012-11-10","4",1,"11",0,"6",0,6536,-0.5802652131958,0.123026840907177,-1.71153607340354
"2012-11-11","4",1,"11",0,"0",0,6852,-0.407271520886812,0.219566107607405,-0.812747880330265
"2012-11-12","4",1,"11",1,"1",0,6269,-0.0567316706817577,0.798801707808777,-0.218968087047904
"2012-11-13","4",1,"11",0,"2",1,4094,-0.830650820485124,0.245894998525649,1.95566169372823
"2012-11-14","4",1,"11",0,"3",1,5495,-1.12656108364524,-0.532269999724679,0.117922911205199
"2012-11-15","4",1,"11",0,"4",1,5445,-0.949014925749168,-0.0524990985477849,-0.483867855383851
"2012-11-16","4",1,"11",0,"5",1,5698,-0.821545889310967,-0.725348533125136,-0.251119510117702
"2012-11-17","4",1,"11",0,"6",0,5629,-0.930805063400854,-0.579076916912669,-0.138804589059494
"2012-11-18","4",1,"11",0,"0",0,4669,-0.835203286072203,0.456526125871603,0.479061889064455
"2012-11-19","4",1,"11",0,"1",1,5499,-0.625789869066586,-0.0320210722780392,0.575247333666243
"2012-11-20","4",1,"11",0,"2",1,5634,-0.662209593763215,0.400942911710865,-1.39050572699925
"2012-11-21","4",1,"11",0,"3",1,5146,-0.776021233440181,-0.0993060157357744,-1.12571348850635
"2012-11-22","4",1,"11",1,"4",0,2425,-0.848860682833439,-0.333340601675723,-1.77573138970009
"2012-11-23","4",1,"11",0,"5",1,3910,-0.694076852872766,-0.415252706754705,-0.547955641837362
"2012-11-24","4",1,"11",0,"6",0,2277,-1.18574313627726,-1.56787304250895,2.40502890780411
"2012-11-25","4",1,"11",0,"0",0,2424,-1.36328929417332,-1.1202818968988,-0.515965513532128
"2012-11-26","4",1,"11",0,"1",1,5087,-0.994539581619954,-0.649287292694654,-1.85600241753155
"2012-11-27","4",1,"11",0,"2",1,3959,-1.112903686884,1.11474839882771,0.607452521657563
"2012-11-28","4",1,"11",0,"3",1,5260,-1.08558889336153,-0.854067555392108,0.262389255333206
"2012-11-29","4",1,"11",0,"4",1,5323,-1.17188780622963,-0.507213035903935,-0.967310341677878
"2012-11-30","4",1,"11",0,"5",1,5668,-1.07648396218737,0.15228116414967,-1.70347133517533
"2012-12-01","4",1,"12",0,"6",0,5191,-1.07648396218737,1.25516915039168,-1.68755691840499
"2012-12-02","4",1,"12",0,"0",0,4649,-0.807888492549731,1.37218644336165,-0.853017806549795
"2012-12-03","4",1,"12",0,"1",1,6234,-0.234277828577824,0.980178511912237,-1.39055949192077
"2012-12-04","4",1,"12",0,"2",1,6606,-0.106808792139623,0.74321849364804,-0.211064643584258
"2012-12-05","4",1,"12",0,"3",1,5729,-0.311669743558161,-1.00326460392883,1.72307464322665
"2012-12-06","4",1,"12",0,"4",1,5375,-1.30865970712838,-0.836514961446612,-0.202999905356048
"2012-12-07","4",1,"12",0,"5",1,5008,-0.953567391336247,0.956775053318243,-0.772746778718343
"2012-12-08","4",1,"12",0,"6",0,5582,-0.621237403479508,1.98945266377826,-1.14980017334793
"2012-12-09","4",1,"12",0,"0",0,3228,-0.607580006718272,1.94849661123877,-0.419511244322733
"2012-12-10","4",1,"12",0,"1",1,5170,-0.325327140319397,2.08599193047849,-0.00229545331665483
"2012-12-11","4",1,"12",0,"2",1,5501,-0.776021233440181,-0.219248741029998,1.36198943028892
"2012-12-12","4",1,"12",0,"3",1,5319,-1.08103642777445,-0.628809266424908,-0.355477222790743
"2012-12-13","4",1,"12",0,"4",1,5532,-1.09014135894861,-0.997413739280326,-0.211064643584258
"2012-12-14","4",1,"12",0,"5",1,5611,-1.16753327392894,0.10547424696168,-0.764628275568611
"2012-12-15","4",1,"12",0,"6",0,5047,-0.935357528987933,0.158132028798169,-1.0856586219729
"2012-12-16","4",1,"12",0,"0",0,3786,-0.725944111982316,1.48042743935888,-1.15802620634071
"2012-12-17","4",1,"12",0,"1",1,4585,-0.557502885260407,1.96019834053577,-1.19007009956746
"2012-12-18","4",1,"12",0,"2",1,5557,-0.461901107931756,0.269298457119644,0.398952155997567
"2012-12-19","4",1,"12",0,"3",1,5267,-0.889832873117146,-0.0173939106567926,-0.0825127162265863
"2012-12-20","4",1,"12",0,"4",1,4128,-0.903490269878382,0.281000186416641,-0.748713858798276
"2012-12-21","1",1,"12",0,"5",1,3623,-0.921700132226697,-0.500090244157936,2.37293124965583
"2012-12-22","1",1,"12",0,"6",0,1749,-1.25403012008344,-1.31043499797501,2.79826554381164
"2012-12-23","1",1,"12",0,"0",0,1787,-1.36328929417332,-0.789708044258622,-0.740702885491587
"2012-12-24","1",1,"12",0,"1",1,920,-1.44266054201761,1.1473097325237,-1.46140529524899
"2012-12-25","1",1,"12",1,"2",0,1013,-1.11488301974795,0.750468478103788,-0.280783721165815
"2012-12-26","1",1,"12",0,"3",1,441,-1.37694669093456,1.37218644336165,1.62662037401726
"2012-12-27","1",1,"12",0,"4",1,2114,-1.31776463830254,0.175684622743665,2.06001940640127
"2012-12-28","1",1,"12",0,"5",1,3095,-1.32231710388962,-0.266055658217988,-0.451823962157095
"2012-12-29","1",1,"12",0,"6",0,1341,-1.32231710388962,0.87778838056351,-0.852964041628274
"2012-12-30","1",1,"12",0,"0",0,1796,-1.30865970712838,-1.01496633322582,2.06803037970796
"2012-12-31","1",1,"12",0,"1",1,2729,-1.52717805530815,-0.353818627945468,-0.459888700385305
